id,powiat,populacja_ogolem,populacja_produkcyjna,stadiony,hale_sportowe,sale_gimnastyczne,korty_tenisowe,plywalnie,wodociagi,drogi_utwardzone,drogi_gruntowe,gaz,technika_zawodowki,sciezki_rowerowe_na_obszar,sciezki_rowerowe_na_ludnosc,przystanki_zbiorkom,licea,kanalizacja,wynagrodzenia,odbior_odpadow,koszty_odpadow,szkoly_podstawowe
1,"Powiat bolesławiecki",89762,53992,23,1,0,3,2,88295,48.0,69.7,6.5,9.4,45587,25,437.3,6.35,422,5,74908,4887.95,0.0,0.00,35,
2,"Powiat dzierżoniowski",99935,58574,6,4,3,16,1,93979,101.8,48.7,37.4,17.9,78893,27,1222.5,5.85,368,4,72342,4690.20,0.0,0.00,29,
3,"Powiat głogowski",88447,51709,3,2,0,5,2,86669,94.7,47.4,24.3,12.2,64061,26,550.5,2.76,356,6,78723,4763.21,0.0,0.00,26,
4,"Powiat górowski",34552,20946,3,2,1,2,1,33674,69.1,147.6,24.2,51.7,13964,23,63.7,1.36,226,2,15251,4432.40,0.0,0.00,14,
5,"Powiat jaworski",49734,29740,2,0,0,1,1,45049,78.7,92.0,16.7,19.6,27896,26,180.6,2.11,224,1,39901,4932.98,0.0,0.00,20,
6,"Powiat karkonoski",63333,38097,6,2,2,2,0,53895,103.9,102.9,26.1,25.9,33546,12,110.0,1.09,368,5,40991,4526.41,0.0,0.00,26,
7,"Powiat kamiennogórski",42824,25703,4,0,0,7,1,38847,83.8,77.4,37.6,34.7,25038,25,207.2,1.91,148,1,34641,4532.19,0.0,0.00,11,
8,"Powiat kłodzki",156283,92001,16,6,15,22,9,134468,80.6,84.7,6.4,6.7,86786,21,192.3,2.02,536,9,102875,4747.93,0.0,0.00,59,
9,"Powiat legnicki",55110,33357,3,1,0,1,1,53507,66.3,89.6,21.1,28.5,21759,11,67.2,0.91,310,1,42183,4877.07,0.0,0.00,22,
10,"Powiat lubański",53852,32376,7,2,2,4,2,46302,104.2,82.9,9.1,7.2,28596,24,252,2,35828,4508.29,0.0,0.00,20,
11,"Powiat lubiński",105896,61295,4,4,1,11,2,105813,61.6,41.4,4.7,3.1,87046,23,626.7,4.21,346,5,100862,8920.41,0.0,0.00,25,
12,"Powiat lwówecki",45599,27535,7,0,0,2,0,35527,213.1,331.6,8.0,12.5,14144,20,114.1,1.78,180,5,26463,4622.42,0.0,0.00,21,
13,"Powiat milicki",36800,21556,3,1,0,6,1,34389,52.1,101.3,8.4,16.2,14504,25,134.3,2.61,176,2,23103,4338.67,0.0,0.00,16,
14,"Powiat oleśnicki",107268,64568,8,6,7,5,2,105070,78.8,77.1,21.6,21.2,48098,23,368.8,3.61,477,4,71560,4773.90,0.0,0.00,36,
15,"Powiat oławski",76733,45478,4,3,4,1,1,73042,65.5,44.7,15.1,10.3,45262,26,351.1,2.40,357,3,61432,4987.74,0.0,0.00,26,
16,"Powiat polkowicki",62997,38705,5,0,2,5,1,62097,57.1,70.6,25.8,32.0,40888,27,200.1,2.48,276,3,54906,5606.23,0.0,0.00,18,
17,"Powiat strzeliński",43221,26040,11,0,1,2,1,41553,82.0,118.1,12.7,18.3,12762,21,32.2,0.46,438,1,21462,5161.72,0.0,0.00,18,
18,"Powiat średzki",55508,34215,3,2,0,1,0,55116,72.5,91.9,29.0,36.8,16347,22,367.8,4.67,372,1,28404,5260.90,0.0,0.00,15,
19,"Powiat świdnicki",156015,92352,12,7,6,16,6,150838,105.2,50.0,27.7,13.2,101896,25,658.4,3.13,628,8,118316,5053.92,0.0,0.00,50,
20,"Powiat trzebnicki",85226,51642,5,4,4,2,0,82127,128.5,154.5,76.9,92.5,36805,22,541.6,6.51,406,3,42358,4611.02,0.0,0.00,30,
21,"Powiat wałbrzyski",55107,33069,6,3,4,2,0,50273,94.8,74.0,18.1,14.2,34699,13,158.1,1.23,252,1,33311,4385.23,0.0,0.00,18,
22,"Powiat wołowski",46623,28137,2,2,2,4,1,45218,52.4,75.9,26.3,38.1,24050,25,589.7,8.54,161,4,32889,5907.36,0.0,0.00,19,
23,"Powiat wrocławski",156322,95224,9,8,9,8,3,152436,95.1,68.0,14.4,10.3,95827,21,424.1,3.03,914,2,102397,5868.29,0.0,0.00,52,
24,"Powiat ząbkowicki",64080,38651,10,2,0,2,0,58181,61.5,77.0,7.1,8.9,24992,24,11.2,0.14,361,3,34538,4556.76,0.0,0.00,20,
25,"Powiat zgorzelecki",88386,53443,13,3,2,8,1,83948,64.0,60.7,5.8,5.5,33797,27,652.3,6.19,262,5,62531,4881.55,0.0,0.00,29,
26,"Powiat złotoryjski",43038,26112,4,2,0,0,0,38249,76.0,101.7,17.6,23.6,16822,20,81.6,1.09,235,2,29457,5118.53,0.0,0.00,19,
27,"Powiat m.Jelenia Góra",78335,43799,4,3,2,9,2,76336,187.2,26.1,8.1,1.1,72675,23,5228.0,7.29,242,4,70395,5183.33,72.9,945.00,15,
28,"Powiat m.Legnica",98436,57335,4,3,1,3,2,96811,359.0,20.5,91.0,5.2,92099,25,7052.8,4.03,228,9,92233,4952.32,88.2,615.14,20,
29,"Powiat m.Wrocław",641928,372138,17,19,27,56,11,619234,311.8,14.2,29.5,1.3,467799,22,12307.9,5.61,1640,41,594770,6140.64,92.2,659.20,137,
30,"Powiat m.Wałbrzych od 2013",109971,63204,7,5,0,1,1,107140,194.5,15.0,5.5,0.4,104251,24,3978.7,3.06,299,6,90521,5565.38,81.0,503.85,24,
31,"Powiat aleksandrowski",54891,32836,8,1,3,10,4,51706,136.2,117.8,45.6,39.4,9458,20,577.3,4.99,215,3,30560,4138.84,0.0,0.00,25,
32,"Powiat brodnicki",79023,48067,6,2,2,4,0,74903,82.0,107.9,84.2,110.8,3597,24,201.9,2.66,624,4,49857,4291.16,0.0,0.00,35,
33,"Powiat bydgoski",120432,74992,4,5,0,4,2,110766,74.2,85.9,38.1,44.1,37342,21,1197.9,13.87,594,2,69256,4752.76,0.0,0.00,36,
34,"Powiat chełmiński",51657,31592,4,2,0,1,0,50651,114.0,116.2,44.8,45.7,16590,23,556.0,5.67,247,3,32077,4492.13,0.0,0.00,24,
35,"Powiat golubsko-dobrzyński",44855,27502,3,2,1,1,1,43455,86.7,118.5,33.6,46.0,2975,21,545.0,7.45,267,1,27661,4974.93,0.0,0.00,24,
36,"Powiat grudziądzki",40305,24914,1,2,1,1,1,37693,98.5,177.9,75.1,135.6,7141,20,355.9,6.43,493,1,16647,4677.24,0.0,0.00,25,
37,"Powiat inowrocławski",158496,96028,10,3,6,15,3,156596,84.1,65.0,25.9,20.0,75789,26,639.1,4.94,1119,7,113025,4597.12,0.0,0.00,57,
38,"Powiat lipnowski",65450,40515,5,2,5,1,1,62585,76.6,118.9,75.0,116.4,294,23,51.2,0.79,437,2,23737,4106.90,0.0,0.00,29,
39,"Powiat mogileński",45482,27593,5,3,0,0,1,45263,96.9,143.9,23.8,35.4,15578,25,170.3,2.53,282,3,26463,4263.04,0.0,0.00,23,
40,"Powiat nakielski",86119,52456,5,1,2,3,1,81003,65.2,84.8,49.6,64.6,25209,25,244.6,3.18,470,4,45711,4423.48,0.0,0.00,35,
41,"Powiat radziejowski",40025,24438,4,0,2,0,1,38895,140.2,212.7,42.2,64.0,3434,21,337.6,5.12,230,2,15938,4320.09,0.0,0.00,16,
42,"Powiat rypiński",43390,26084,1,2,0,6,0,41692,71.4,96.5,66.7,90.1,700,25,165.4,2.24,301,1,22084,4219.07,0.0,0.00,25,
43,"Powiat sępoleński",40826,24695,3,1,0,1,0,34575,55.2,107.0,30.4,58.8,9750,25,343.8,6.66,235,2,24330,4308.57,0.0,0.00,21,
44,"Powiat świecki",98703,59903,13,2,2,6,1,91513,66.9,99.8,41.1,61.4,25223,23,435.5,6.50,647,6,65679,4858.33,0.0,0.00,44,
45,"Powiat toruński",109565,68142,3,1,1,0,1,102919,87.0,97.7,41.3,46.4,21820,22,1172.0,13.16,656,2,65957,4394.70,0.0,0.00,43,
46,"Powiat tucholski",48322,29035,3,4,0,5,0,45616,59.8,133.1,35.4,78.8,13053,30,517.0,11.51,297,1,35189,4208.91,0.0,0.00,23,
47,"Powiat wąbrzeski",34040,20692,2,0,0,0,1,32567,90.4,133.4,91.4,134.7,7387,23,629.5,9.28,345,2,18979,4709.17,0.0,0.00,12,
48,"Powiat włocławski",85646,52978,8,5,2,6,0,81521,112.2,193.0,38.6,66.3,9295,23,331.8,5.71,759,5,36039,4383.49,0.0,0.00,36,
49,"Powiat żniński",69886,41950,7,2,0,1,2,67271,86.4,121.8,21.2,29.8,21479,20,143.2,2.02,505,4,41894,4285.37,0.0,0.00,29,
50,"Powiat m.Bydgoszcz",344091,197958,11,4,17,32,3,333817,293.2,15.0,108.8,5.6,274493,24,6557.6,3.35,983,24,320785,5252.17,77.5,715.96,66,
51,"Powiat m.Grudziądz",93564,53953,3,3,1,2,0,90015,243.9,15.1,95.6,5.9,81878,24,10180.1,6.28,328,7,86270,4414.17,87.3,642.83,22,
52,"Powiat m.Toruń",198613,115343,2,3,6,21,2,188482,307.5,17.9,54.5,3.2,156001,25,11925.3,6.95,713,17,181368,5331.63,66.9,265.61,45,
53,"Powiat m.Włocławek",108561,62936,1,1,0,7,3,105357,174.7,13.6,45.7,3.5,81766,22,7625.7,5.92,301,9,100427,4889.30,71.2,614.77,23,
54,"Powiat bialski",109958,66782,10,2,4,5,0,88141,57.2,143.3,76.8,192.3,4922,19,194.6,4.87,679,5,43694,4258.54,0.0,0.00,59,
55,"Powiat biłgorajski",100333,60840,10,1,4,3,0,95875,59.0,98.8,35.6,59.7,21112,27,311.1,5.21,559,4,60977,4522.48,0.0,0.00,54,
56,"Powiat chełmski",77502,47710,5,1,3,5,0,62311,74.5,181.4,101.6,247.2,9450,13,161.2,3.92,746,2,21774,4291.62,0.0,0.00,36,
57,"Powiat hrubieszowski",62009,37193,7,2,0,0,0,43847,117.3,239.9,39.1,80.0,6293,18,243.7,4.98,380,3,23264,4518.56,0.0,0.00,34,
58,"Powiat janowski",45142,27461,1,2,3,0,1,37600,74.8,145.1,41.9,81.2,8528,22,133.7,2.59,178,3,13830,4437.27,0.0,0.00,24,
59,"Powiat krasnostawski",62552,36645,6,0,2,1,1,53964,72.7,119.8,29.6,48.8,20882,23,37.8,0.62,590,3,24134,4548.95,0.0,0.00,27,
60,"Powiat kraśnicki",94531,56492,12,1,1,5,2,81528,82.6,87.8,28.6,30.4,54187,22,167.1,1.78,655,5,42359,4244.39,0.0,0.00,54,
61,"Powiat lubartowski",87850,52832,4,0,4,0,2,82015,72.9,106.9,115.8,169.9,13014,24,534.6,7.84,649,3,44754,4369.45,0.0,0.00,47,
62,"Powiat lubelski",156493,95310,5,1,3,2,1,127822,102.2,109.6,32.6,35.0,76681,22,649.0,6.97,1541,5,37717,4253.09,0.0,0.00,82,
63,"Powiat łęczyński",57218,35305,2,3,1,1,0,55664,103.1,114.7,76.6,85.3,25856,20,519.9,5.78,326,4,31735,6391.65,0.0,0.00,27,
64,"Powiat łukowski",106213,63096,6,0,0,4,1,97416,109.2,143.4,33.0,43.3,34860,24,170.0,2.23,775,5,44431,4146.78,0.0,0.00,66,
65,"Powiat opolski",58706,35088,3,0,0,1,1,52676,90.8,125.3,73.7,101.7,27048,19,140.7,1.94,335,2,19759,4252.35,0.0,0.00,32,
66,"Powiat parczewski",34372,20388,5,2,2,2,1,29920,51.8,143.6,62.9,174.2,881,22,357.1,9.89,252,1,15744,4478.61,0.0,0.00,22,
67,"Powiat puławski",112384,65056,5,1,0,6,1,103444,95.2,79.1,34.4,28.6,67326,26,394.0,3.27,640,10,70625,5311.80,0.0,0.00,48,
68,"Powiat radzyński",58298,35106,5,0,1,1,1,50488,88.4,146.3,57.6,95.4,5580,28,101.5,1.68,319,3,22494,4385.35,0.0,0.00,36,
69,"Powiat rycki",55530,32607,4,0,4,1,1,48250,103.4,114.4,43.9,48.5,19043,26,335.2,3.71,297,5,22893,4386.95,0.0,0.00,30,
70,"Powiat świdnicki",71432,41706,3,0,0,0,0,66581,109.2,71.6,131.6,86.3,46012,25,945.9,6.20,404,3,42204,5074.45,0.0,0.00,21,
71,"Powiat tomaszowski",81944,49774,9,0,3,3,1,67070,76.5,139.0,26.3,47.7,24654,24,544.7,9.90,436,3,32214,4337.56,0.0,0.00,47,
72,"Powiat włodawski",37989,22664,5,1,4,3,2,34118,38.5,127.5,61.8,204.2,974,20,426.6,14.11,318,2,21220,4333.34,0.0,0.00,22,
73,"Powiat zamojski",105354,64485,7,2,0,0,0,61496,71.7,127.3,68.6,121.8,29144,11,193.6,3.44,977,3,19059,4135.39,0.0,0.00,59,
74,"Powiat m.Biała Podlaska",56942,34094,2,0,0,1,0,49520,323.9,28.1,100.0,8.7,28208,26,4251.0,3.69,196,7,49100,4504.47,16.2,438.03,12,
75,"Powiat m.Chełm",61135,35989,1,1,1,0,0,59426,333.9,19.3,68.9,4.0,39115,27,5413.8,3.12,186,6,57093,4581.83,88.4,622.49,15,
76,"Powiat m.Lublin",338586,196342,4,8,28,18,4,323336,331.7,14.4,37.8,1.6,295748,24,12266.9,5.34,758,37,311411,5412.39,66.8,973.26,67,
77,"Powiat m.Zamość",62785,36885,1,2,1,2,1,59635,373.4,18.0,48.1,2.3,59009,25,15787.7,7.63,185,9,57363,5013.44,80.3,730.65,14,
78,"Powiat gorzowski",72291,44846,5,1,1,3,0,67511,61.0,102.4,45.0,75.6,38243,16,654.7,11.00,332,2,51393,5012.81,0.0,0.00,30,
79,"Powiat krośnieński",54598,33170,2,2,0,0,1,50487,34.7,88.5,28.5,72.6,19795,23,375.2,9.56,252,2,33624,4765.10,0.0,0.00,28,
80,"Powiat międzyrzecki",57100,34431,6,1,0,8,1,50891,34.8,84.5,75.7,183.9,15038,20,179.4,4.36,166,2,38563,4569.86,0.0,0.00,19,
81,"Powiat nowosolski",85733,50566,8,2,1,0,0,81823,59.7,53.6,57.7,51.9,48346,27,1117.1,10.04,321,3,63986,4625.15,0.0,0.00,24,
82,"Powiat słubicki",46944,29078,3,1,2,3,0,43686,42.4,90.3,38.9,82.9,22244,25,411.3,8.76,187,3,33639,4480.78,0.0,0.00,18,
83,"Powiat strzelecko-drezdenecki",48621,29125,7,2,0,2,0,45289,86.4,221.8,50.7,130.2,13415,29,280.5,7.20,161,3,27067,4560.14,0.0,0.00,24,
84,"Powiat sulęciński",35000,21308,3,1,0,1,0,32432,32.2,108.5,40.1,134.8,5224,23,290.4,9.77,113,2,23248,4292.99,0.0,0.00,13,
85,"Powiat świebodziński",55520,33384,5,1,2,2,1,52325,57.2,96.5,35.4,59.7,31005,25,540.3,9.11,170,2,47243,4659.04,0.0,0.00,21,
86,"Powiat zielonogórski",75673,46195,5,4,4,8,1,72830,41.6,74.2,55.7,99.3,38556,23,652.0,11.63,329,2,51206,5037.75,0.0,0.00,35,
87,"Powiat żagański",78148,47180,9,1,1,1,1,75202,52.6,76.1,29.8,43.1,49725,21,179.4,2.60,294,4,54529,4484.13,0.0,0.00,32,
88,"Powiat żarski",95423,57720,8,4,10,5,1,89184,56.8,82.9,28.7,41.8,51889,26,440.1,6.42,362,4,58393,5047.09,0.0,0.00,40,
89,"Powiat wschowski",38613,23295,2,1,0,1,0,36065,37.7,60.9,133.1,215.2,14595,20,84.9,1.37,104,2,26760,4470.96,0.0,0.00,18,
90,"Powiat m.Gorzów Wielkopolski",122589,70454,5,1,5,6,1,122578,207.4,14.5,26.5,1.9,93497,25,7629.5,5.33,355,9,122480,4788.88,77.8,629.50,27,
91,"Powiat m.Zielona Góra",140892,81453,3,13,4,19,3,134021,83.4,16.5,40.1,7.9,122063,24,2504.3,4.95,422,10,119932,5212.80,80.7,740.78,31,
92,"Powiat bełchatowski",112443,68039,9,4,3,11,3,106566,90.6,78.0,33.0,28.4,48696,25,1415.9,12.18,730,8,75393,7002.62,0.0,0.00,38,
93,"Powiat kutnowski",95516,56184,5,1,1,3,0,90767,150.8,140.0,23.0,21.4,7653,20,197.3,1.83,687,9,56756,4786.11,0.0,0.00,38,
94,"Powiat łaski",49736,29821,3,1,0,0,1,42946,86.1,107.1,29.5,36.7,2608,26,331.6,4.12,265,3,21502,4162.46,0.0,0.00,19,
95,"Powiat łęczycki",49286,29233,4,0,0,1,0,46594,120.2,188.5,26.3,41.3,1775,26,32.4,0.51,235,2,18116,4822.41,0.0,0.00,24,
96,"Powiat łowicki",77614,45775,8,2,0,0,1,72718,110.1,140.2,12.7,16.2,5069,20,127.5,1.62,335,4,32914,4460.42,0.0,0.00,38,
97,"Powiat łódzki wschodni",72565,43269,5,4,0,6,1,69248,123.9,85.3,49.5,34.1,35319,20,944.5,6.50,387,4,29379,4423.99,0.0,0.00,23,
98,"Powiat opoczyński",75524,45059,10,0,0,1,1,69834,71.4,98.3,22.9,31.5,13677,30,234.6,3.23,600,5,48976,4343.35,0.0,0.00,48,
99,"Powiat pabianicki",118941,69197,5,3,3,10,2,111532,119.9,49.6,35.2,14.6,71639,25,558.7,2.31,438,5,80525,4675.17,0.0,0.00,32,
100,"Powiat pajęczański",50952,30929,8,1,3,2,0,49361,83.0,130.9,37.4,59.0,1235,28,838.5,13.23,281,2,22534,4573.46,0.0,0.00,27,
101,"Powiat piotrkowski",91208,54554,9,1,3,0,0,87706,92.6,145.1,13.2,20.7,5505,17,91.7,1.44,716,1,30492,4255.64,0.0,0.00,45,
102,"Powiat poddębicki",40906,24377,1,1,0,1,0,37029,73.0,157.3,24.3,52.2,2077,26,229.2,4.94,331,1,13014,5688.39,0.0,0.00,15,
103,"Powiat radomszczański",111696,66753,5,3,3,9,1,105245,78.0,100.7,13.3,17.2,30629,28,92.2,1.19,773,5,59174,4368.96,0.0,0.00,45,
104,"Powiat rawski",48385,28440,1,2,0,5,1,40682,93.9,125.4,42.2,56.4,13619,25,287.8,3.84,248,4,19649,4509.52,0.0,0.00,24,
105,"Powiat sieradzki",116918,70178,7,2,7,7,1,109255,74.4,94.8,25.8,32.8,2791,28,260.9,3.33,616,7,55104,4741.55,0.0,0.00,54,
106,"Powiat skierniewicki",38173,22747,4,0,0,1,0,33800,91.5,180.6,26.1,51.4,354,24,403.5,7.96,150,1,5352,4451.49,0.0,0.00,33,
107,"Powiat tomaszowski",115735,67371,6,7,7,8,1,110439,102.5,90.7,33.2,29.4,47645,30,638.2,5.65,616,6,75490,4473.72,0.0,0.00,37,
108,"Powiat wieluński",75736,45228,5,2,0,3,1,72229,101.4,124.0,22.4,27.4,1649,27,336.8,4.12,517,3,36476,4342.78,0.0,0.00,44,
109,"Powiat wieruszowski",41984,25505,1,1,1,1,0,40953,104.2,143.3,54.5,74.9,1780,22,424.5,5.84,204,1,24511,4165.25,0.0,0.00,30,
110,"Powiat zduńskowolski",66064,39237,5,0,0,0,0,63898,126.6,70.7,20.0,11.2,1918,26,1830.8,10.23,302,5,48851,4382.66,0.0,0.00,23,
111,"Powiat zgierski",165850,96979,3,3,4,4,3,159641,123.7,63.8,39.9,20.6,62647,24,345.0,1.78,858,10,106540,5081.59,0.0,0.00,51,
112,"Powiat brzeziński",30648,18195,0,0,0,2,1,29468,105.5,123.4,10.2,11.9,214,17,47.4,0.55,160,2,13201,4113.70,0.0,0.00,13,
113,"Powiat m.Łódź",672185,374630,10,21,20,67,7,638050,253.9,11.1,72.4,3.2,533369,21,6035.8,2.63,2057,54,589319,5510.99,86.0,844.64,154,
114,"Powiat m.Piotrków Trybunalski",72250,41421,2,1,1,11,3,69870,285.4,26.6,28.6,2.7,54918,23,4312.9,4.01,266,7,65672,4422.85,89.6,459.27,21,
115,"Powiat m.Skierniewice",47655,27202,4,2,2,7,1,44560,407.5,29.6,36.4,2.6,31969,24,8352.6,6.06,185,5,42542,4691.83,82.3,593.18,10,
116,"Powiat bocheński",106947,64541,10,3,3,3,3,83881,142.5,86.4,8.0,4.9,88423,27,439.4,2.66,819,4,62705,4523.92,0.0,0.00,57,
117,"Powiat brzeski",93035,57353,11,1,0,7,1,70823,161.8,102.7,19.8,12.6,72269,26,438.6,2.78,610,2,38057,4244.82,0.0,0.00,53,
118,"Powiat chrzanowski",123664,73455,9,6,1,11,3,122757,192.4,57.6,17.7,5.3,90998,27,348.5,1.04,551,4,82710,4912.69,0.0,0.00,47,
119,"Powiat dąbrowski",58977,37223,13,4,0,3,1,52476,177.2,159.3,39.1,35.1,37983,20,94.3,0.85,219,3,25360,4425.26,0.0,0.00,26,
120,"Powiat gorlicki",108487,65518,14,2,1,8,5,44995,120.6,107.5,12.8,11.4,76734,26,231.8,2.06,649,4,63044,4158.62,0.0,0.00,61,
121,"Powiat krakowski",281440,170468,21,4,3,6,3,263445,177.5,77.6,9.6,4.2,222310,24,204.0,0.89,1593,6,163526,5788.98,0.0,0.00,137,
122,"Powiat limanowski",132148,80435,16,1,1,4,2,64930,121.4,87.4,24.4,17.6,74680,29,21.0,0.15,633,3,52237,4163.22,0.0,0.00,87,
123,"Powiat miechowski",48464,28306,4,1,1,1,1,42805,162.4,226.7,25.8,36.0,5781,28,211.4,2.95,543,3,14376,4415.03,0.0,0.00,22,
124,"Powiat myślenicki",127972,78447,8,2,3,7,1,82320,118.8,62.5,4.8,2.5,79100,28,185.7,0.98,526,5,76017,4525.20,0.0,0.00,61,
125,"Powiat nowosądecki",217071,133555,18,3,9,11,2,123984,176.9,126.3,35.7,25.5,115682,24,285.8,2.04,1115,5,105436,4160.76,0.0,0.00,136,
126,"Powiat nowotarski",191646,118189,12,3,12,8,6,94363,113.4,87.3,86.4,66.5,30906,25,733.6,5.65,667,10,118259,4335.07,0.0,0.00,116,
127,"Powiat olkuski",110471,65030,5,2,4,5,3,108841,119.0,66.6,7.5,4.2,78244,28,71.2,0.40,718,5,63250,4920.77,0.0,0.00,47,
128,"Powiat oświęcimski",152687,90682,20,2,1,16,3,149879,188.5,50.1,9.0,2.4,124442,24,1099.7,2.92,626,8,100540,4911.73,0.0,0.00,53,
129,"Powiat proszowicki",43057,26076,4,3,3,2,1,39788,193.2,186.2,45.7,44.1,7931,26,4.8,0.05,244,1,15509,4635.66,0.0,0.00,23,
130,"Powiat suski",83761,51179,8,1,2,2,2,33738,118.1,96.7,151.7,124.2,11302,25,70.0,0.57,392,2,33862,4482.76,0.0,0.00,43,
131,"Powiat tarnowski",201230,125613,26,4,6,6,1,148312,150.8,105.8,31.7,22.2,142906,25,308.9,2.17,1060,5,107169,4149.11,0.0,0.00,126,
132,"Powiat tatrzański",68049,40759,3,3,1,3,2,50208,114.1,79.1,19.8,13.7,5291,25,173.9,1.21,421,4,44254,4655.05,0.0,0.00,37,
133,"Powiat wadowicki",159662,96821,14,3,15,6,4,137784,185.5,75.0,33.1,13.4,105740,24,122.3,0.49,704,6,84414,4457.27,0.0,0.00,73,
134,"Powiat wielicki",130651,79357,18,2,0,3,2,118575,196.4,61.7,26.0,8.2,115535,30,289.7,0.91,599,5,65428,5047.98,0.0,0.00,60,
135,"Powiat m.Kraków",779966,457125,18,26,37,75,16,777973,300.7,12.6,19.8,0.8,545237,25,7734.4,3.24,1843,65,719512,6482.24,95.3,637.09,202,
136,"Powiat m.Nowy Sącz",83558,49324,6,5,4,14,2,72229,381.7,26.3,47.9,3.3,75897,26,2935.0,2.02,713,12,72231,4468.93,75.2,460.98,22,
137,"Powiat m.Tarnów",107498,62492,4,4,1,7,2,107455,377.6,25.4,61.9,4.2,103315,26,10458.7,7.04,372,13,94551,5629.79,70.0,685.03,31,
138,"Powiat białobrzeski",33329,20077,2,1,0,0,0,25123,86.4,165.6,24.3,46.6,8755,28,165.9,3.18,143,2,10010,4410.45,0.0,0.00,20,
139,"Powiat ciechanowski",88891,53205,5,2,12,5,1,83238,100.8,120.2,36.2,43.2,36667,23,536.9,6.40,562,6,51829,4967.97,0.0,0.00,36,
140,"Powiat garwoliński",108634,64770,7,5,0,3,1,95862,90.3,106.8,41.9,49.6,43720,24,63.0,0.75,642,6,51766,4708.21,0.0,0.00,63,
141,"Powiat gostyniński",44581,26850,4,1,0,2,1,38323,91.4,126.0,25.6,35.4,2764,24,273.3,3.77,240,2,19647,4637.28,0.0,0.00,17,
142,"Powiat grodziski",97462,56625,3,1,1,7,1,89254,141.5,53.3,45.3,17.1,72526,24,991.7,3.73,615,7,61066,5761.51,0.0,0.00,34,
143,"Powiat grójecki",97979,57570,6,4,0,4,3,74353,97.6,126.3,31.1,40.2,52033,23,178.3,2.31,530,5,42493,5088.28,0.0,0.00,51,
144,"Powiat kozienicki",59592,35259,3,1,0,4,1,50517,69.9,107.5,45.3,69.6,20819,21,281.6,4.33,194,2,37096,5467.11,0.0,0.00,31,
145,"Powiat legionowski",119882,70239,2,2,7,2,5,87641,108.1,35.2,29.1,9.5,94345,26,2444.0,7.97,528,7,85854,5059.53,0.0,0.00,33,
146,"Powiat lipski",33598,19714,2,0,0,1,0,25781,94.2,207.6,45.1,99.4,5,25,39.2,0.86,469,3,8341,4564.75,0.0,0.00,18,
147,"Powiat łosicki",30556,17924,1,0,0,0,0,26467,70.0,176.9,51.0,128.9,4622,23,58.3,1.47,277,1,13052,4486.10,0.0,0.00,20,
148,"Powiat makowski",44438,26505,8,2,5,0,0,38567,84.9,203.5,35.5,85.1,126,20,22.5,0.54,303,3,12493,4461.25,0.0,0.00,22,
149,"Powiat miński",154951,91927,5,4,5,7,0,140127,109.9,82.5,54.2,40.7,54434,25,342.9,2.58,998,12,87293,4717.21,0.0,0.00,64,
150,"Powiat mławski",72269,44096,2,5,2,4,1,66566,80.4,131.4,22.4,36.6,30726,23,198.8,3.25,490,7,34713,4636.34,0.0,0.00,35,
151,"Powiat nowodworski",79265,47524,3,5,2,1,1,69109,103.2,90.5,26.2,22.9,25708,21,1062.2,9.31,378,4,44754,6096.33,0.0,0.00,30,
152,"Powiat ostrołęcki",88497,55511,2,0,15,6,0,65580,76.5,181.0,29.9,70.7,12360,17,1165.0,27.56,722,2,26022,4564.72,0.0,0.00,65,
153,"Powiat ostrowski",71790,43049,4,4,4,3,1,64512,78.1,132.4,74.3,126.1,8011,22,196.3,3.33,426,3,30274,4650.41,0.0,0.00,41,
154,"Powiat otwocki",124283,71964,3,4,2,1,1,97661,104.3,51.7,93.2,46.2,88393,25,1284.3,6.36,398,6,74879,5281.35,0.0,0.00,51,
155,"Powiat piaseczyński",190606,112254,6,4,7,1,3,181534,149.0,48.6,79.9,26.0,141129,26,1000.0,3.26,705,13,141285,5164.71,0.0,0.00,63,
156,"Powiat płocki",110742,68659,8,4,0,0,0,99479,77.5,125.7,47.8,77.5,11259,18,324.5,5.26,774,2,37746,4631.84,0.0,0.00,53,
157,"Powiat płoński",86671,52154,2,3,1,0,1,79804,103.0,163.9,80.0,127.4,24540,23,183.4,2.92,374,6,31452,4826.77,0.0,0.00,43,
158,"Powiat pruszkowski",166679,96092,4,4,0,6,1,142515,287.7,42.5,88.5,13.1,143446,26,5326.8,7.87,535,13,133525,6295.40,0.0,0.00,40,
159,"Powiat przasnyski",52101,31137,4,0,1,2,1,50183,70.7,165.4,23.8,55.6,441,21,562.1,13.15,262,5,26398,4638.79,0.0,0.00,28,
160,"Powiat przysuski",41126,24771,4,1,1,0,1,37429,72.3,140.8,32.0,62.4,50,24,54.9,1.07,202,2,15922,4653.63,0.0,0.00,25,
161,"Powiat pułtuski",51741,31238,2,2,1,2,1,45946,87.9,140.6,68.7,109.8,10143,24,82.2,1.31,230,3,22200,4644.71,0.0,0.00,24,
162,"Powiat radomski",152190,93268,7,2,3,1,0,138864,95.2,95.7,20.4,20.5,46580,26,212.4,2.14,615,3,61417,4362.35,0.0,0.00,80,
163,"Powiat siedlecki",81385,49299,1,1,4,1,0,72787,72.6,143.0,23.8,46.9,10970,165.9,3.27,1062,32269,4503.92,0.0,0.00,46,
164,"Powiat sierpecki",51534,31638,5,0,0,0,0,49011,91.5,151.3,26.6,44.0,4090,24,88.0,1.46,238,5,22001,4613.59,0.0,0.00,22,
165,"Powiat sochaczewski",84804,50324,5,4,3,2,1,79140,103.7,89.9,28.5,24.7,4880,23,503.5,4.36,498,6,39927,5741.89,0.0,0.00,36,
166,"Powiat sokołowski",53294,31177,4,0,0,1,1,46518,70.3,149.3,28.4,60.4,8003,25,381.9,8.11,339,4,20955,4792.94,0.0,0.00,26,
167,"Powiat szydłowiecki",39340,24111,2,0,3,2,0,36746,90.1,103.5,26.4,30.3,7206,15,340.9,3.91,260,2,13634,4157.78,0.0,0.00,24,
168,"Powiat warszawski zachodni",120144,70487,9,5,4,5,2,103476,125.8,55.9,47.4,21.1,100579,18,1556.8,6.92,513,7,81526,5990.54,0.0,0.00,42,
169,"Powiat węgrowski",65410,38651,5,0,0,0,0,57395,63.3,118.1,91.6,170.9,10937,28,197.4,3.68,252,5,24568,4589.75,0.0,0.00,36,
170,"Powiat wołomiński",252408,151286,6,5,5,7,2,195470,115.4,43.6,79.3,30.0,192353,20,1195.5,4.52,700,11,177509,4997.04,0.0,0.00,83,
171,"Powiat wyszkowski",74210,44867,3,3,4,1,0,69138,86.3,102.0,48.4,57.1,30361,24,818.1,9.66,312,5,42748,4404.79,0.0,0.00,43,
172,"Powiat zwoleński",35875,21702,2,0,0,0,0,25695,105.9,169.2,39.6,63.4,3993,25,57.6,0.92,195,1,11310,4508.69,0.0,0.00,17,
173,"Powiat żuromiński",38202,23250,4,2,7,0,0,37312,73.3,154.7,55.6,117.4,11,24,328.5,6.94,142,2,12806,4384.30,0.0,0.00,26,
174,"Powiat żyrardowski",75370,43828,5,7,8,6,1,69186,111.9,79.1,19.0,13.4,33864,25,839.4,5.93,496,5,46262,5113.05,0.0,0.00,28,
175,"Powiat m.Ostrołęka",51656,30055,1,2,0,7,0,48898,367.9,23.8,41.8,2.7,44105,24,8756.7,5.67,173,6,47379,5712.81,76.0,429.89,12,
176,"Powiat m.Płock",118268,68107,2,3,3,4,3,114006,240.2,17.9,17.4,1.3,72124,22,7269.4,5.41,386,13,107131,6526.04,86.6,804.64,27,
177,"Powiat m.Radom",209296,121775,2,2,2,2,2,200675,282.2,15.1,25.8,1.4,167551,24,9051.9,4.84,575,16,192178,5033.24,62.3,631.15,45,
178,"Powiat m.Siedlce",77813,44116,2,2,1,3,0,74833,436.0,17.9,97.9,4.0,63117,24,13308.2,5.45,256,8,73272,5187.54,70.6,570.68,18,
179,"Powiat m. st. Warszawa",1794166,1020307,18,41,60,94,47,1725657,423.3,12.2,31.8,0.9,1297701,24,13071.3,3.77,4196,174,1701091,7147.46,91.1,1776.41,408,
180,"Powiat brzeski",89282,53726,4,4,5,3,0,87323,59.3,58.2,26.2,25.7,53367,27,251.2,2.46,398,3,75171,4825.14,0.0,0.00,31,
181,"Powiat głubczycki",45015,27250,9,1,0,3,1,42913,76.7,114.5,10.5,15.7,21705,18,113.0,1.69,168,2,27848,4703.75,0.0,0.00,19,
182,"Powiat kędzierzyńsko-kozielski",93001,56446,9,1,3,4,2,92423,90.7,61.0,7.8,5.2,51694,24,932.6,6.27,447,3,73756,5572.19,0.0,0.00,37,
183,"Powiat kluczborski",65026,40253,6,4,0,4,1,61394,65.6,85.9,3.0,4.0,30602,25,288.8,3.78,345,4,41702,4777.86,0.0,0.00,26,
184,"Powiat krapkowicki",63196,39303,8,3,3,8,3,62460,88.5,61.9,10.4,7.2,26105,27,670.0,4.68,175,2,45361,5548.87,0.0,0.00,27,
185,"Powiat namysłowski",42543,25682,5,1,0,3,1,41065,56.7,99.7,15.9,27.9,15224,25,454.4,7.99,160,1,26643,4807.10,0.0,0.00,23,
186,"Powiat nyski",134864,81581,22,8,2,9,2,127909,73.4,66.6,54.9,49.8,67997,24,589.1,5.35,748,6,97682,4637.57,0.0,0.00,60,
187,"Powiat oleski",63788,39202,4,2,1,3,3,60510,72.3,110.4,16.4,25.1,9089,24,586.6,8.95,468,4,30055,4479.24,0.0,0.00,37,
188,"Powiat opolski",123532,77217,11,6,2,22,1,121060,63.1,78.3,18.4,22.9,20125,19,458.8,5.70,477,5,95160,4720.08,0.0,0.00,57,
189,"Powiat prudnicki",54765,33165,3,3,1,5,2,52639,67.1,70.0,12.3,12.9,23253,24,664.9,6.94,217,2,30452,4446.16,0.0,0.00,23,
190,"Powiat strzelecki",73923,46012,6,2,1,2,2,73054,88.3,88.9,19.2,19.3,15790,26,526.7,5.30,253,2,56840,4854.78,0.0,0.00,35,
191,"Powiat m.Opole",127839,73781,5,4,5,1,2,124662,203.3,23.7,12.3,1.4,93447,25,6978.8,8.13,481,9,121242,5523.14,74.9,701.74,31,
192,"Powiat bieszczadzki",21489,13485,2,1,0,6,2,15339,21.8,115.4,51.2,271.2,285,20,168,1,10444,4445.97,0.0,0.00,11,
193,"Powiat brzozowski",65373,39965,18,0,0,2,1,15544,85.7,70.7,17.4,14.3,51804,24,148.3,1.22,329,2,38266,4206.54,0.0,0.00,41,
194,"Powiat dębicki",134991,82953,19,3,4,5,4,110272,142.2,81.9,13.0,7.5,117901,27,383.3,2.21,673,7,89816,4631.33,0.0,0.00,73,
195,"Powiat jarosławski",119727,73386,18,5,21,1,1,111376,83.9,72.1,21.9,18.8,89810,27,137.1,1.18,591,7,88522,4541.33,0.0,0.00,71,
196,"Powiat jasielski",112863,69800,10,1,3,9,1,54181,100.7,74.1,18.9,13.9,98892,29,21.7,0.16,771,7,67345,4560.20,0.0,0.00,73,
197,"Powiat kolbuszowski",62039,39513,15,1,0,1,2,56895,85.9,107.1,20.0,24.9,39926,27,147.4,1.84,246,1,38609,4220.93,0.0,0.00,42,
198,"Powiat krośnieński",111905,67906,27,4,6,5,0,57859,80.1,71.1,8.2,7.3,99318,19,4.0,0.04,687,5,81046,4050.39,0.0,0.00,67,
199,"Powiat leżajski",68996,42643,16,0,1,0,2,65744,83.6,70.7,12.7,10.8,43827,30,349.5,2.96,255,2,46453,4435.95,0.0,0.00,32,
200,"Powiat lubaczowski",54711,34037,14,1,3,2,1,52081,49.7,119.0,16.8,40.3,25326,25,243.8,5.83,246,2,41509,4214.71,0.0,0.00,27,
201,"Powiat łańcucki",81226,48730,13,1,0,11,1,76694,113.9,63.4,6.7,3.7,62752,20,128.4,0.71,352,4,67611,4327.10,0.0,0.00,39,
202,"Powiat mielecki",136441,82884,19,2,1,11,0,132196,117.1,75.6,15.7,10.2,95864,26,864.3,5.58,607,9,92064,4729.31,0.0,0.00,61,
203,"Powiat niżański",66221,42138,12,1,1,14,0,57431,89.1,105.7,12.2,14.5,34798,24,745.9,8.85,259,3,42755,4197.13,0.0,0.00,37,
204,"Powiat przemyski",73919,46667,12,0,3,0,0,45072,68.6,112.4,30.1,49.4,40046,17,38.8,0.64,430,2,47481,4126.82,0.0,0.00,56,
205,"Powiat przeworski",77979,47900,17,4,1,2,1,69466,101.4,90.8,23.7,21.2,50822,24,44.4,0.40,269,6,61547,4255.41,0.0,0.00,44,
206,"Powiat ropczycko-sędziszowski",74573,45693,11,0,1,2,1,59817,108.4,79.7,66.7,49.0,48570,28,144.1,1.06,244,3,40311,4401.73,0.0,0.00,45,
207,"Powiat rzeszowski",170550,104898,42,3,9,11,4,137780,115.3,77.6,52.9,35.6,119717,26,345.2,2.32,1210,8,125121,4614.22,0.0,0.00,94,
208,"Powiat sanocki",93818,56882,14,4,1,5,1,63486,48.2,59.4,17.3,21.3,75523,25,45.0,0.55,498,2,71329,4431.17,0.0,0.00,50,
209,"Powiat stalowowolski",105431,63446,7,1,3,17,3,100387,66.3,52.3,15.7,12.4,80780,25,1145.8,9.04,496,7,73033,4777.46,0.0,0.00,35,
210,"Powiat strzyżowski",61161,37944,2,0,1,3,1,32557,101.9,83.8,7.5,6.2,44856,23,59.6,0.49,363,1,21776,4052.65,0.0,0.00,44,
211,"Powiat tarnobrzeski",52720,32636,9,0,0,3,1,51174,101.1,99.9,27.6,27.3,40845,24,124.7,1.23,220,2,36810,4723.98,0.0,0.00,27,
212,"Powiat leski",26375,16228,2,1,2,3,3,16234,28.6,90.7,1.6,5.0,6636,20,2.4,0.08,180,1,13812,4832.85,0.0,0.00,18,
213,"Powiat m.Krosno",45944,26467,2,1,10,8,2,43455,301.1,28.5,20.7,2.0,43324,26,5172.4,4.90,258,7,41672,4424.93,70.9,646.25,14,
214,"Powiat m.Przemyśl",59779,34828,1,1,0,4,2,57021,342.6,26.5,48.7,3.8,43330,26,7602.3,5.87,229,5,55462,4522.95,73.6,822.25,20,
215,"Powiat m.Rzeszów",196638,116935,4,7,10,17,4,193203,243.0,15.6,0.0,0.0,172599,27,13111.1,8.44,638,19,188985,5518.24,70.8,748.29,52,
216,"Powiat m.Tarnobrzeg",46360,27576,1,1,1,4,1,45621,161.0,29.7,9.5,1.7,43274,26,3290.4,6.06,170,8,40960,4578.25,69.6,936.09,11,
217,"Powiat augustowski",57651,35380,1,1,0,2,1,49411,45.2,130.1,60.8,175.0,150,26,344.1,9.90,254,2,33750,5009.19,0.0,0.00,31,
218,"Powiat białostocki",150845,92462,10,0,2,5,1,134962,58.0,114.4,51.4,101.5,37633,17,457.6,9.03,1340,2,93868,4456.25,0.0,0.00,47,
219,"Powiat bielski",53695,31242,1,0,0,0,0,48932,56.8,146.5,74.8,193.1,128,25,235.4,6.07,372,3,28277,5547.83,0.0,0.00,20,
220,"Powiat grajewski",46792,29004,2,1,0,0,1,41328,72.5,150.0,32.9,68.0,68,24,85.8,1.77,376,2,24791,4970.21,0.0,0.00,20,
221,"Powiat hajnowski",41991,23743,6,0,2,4,1,38816,41.7,161.2,50.9,196.8,58,18,226.7,8.76,482,3,26522,5165.59,0.0,0.00,15,
222,"Powiat kolneński",37887,24035,3,2,5,0,2,30830,59.7,148.2,46.1,114.3,25,61.7,1.53,146,2,12488,4475.28,0.0,0.00,24,
223,"Powiat łomżyński",50819,31811,3,1,1,1,0,41930,57.7,153.7,78.1,208.1,1109,19,156.5,4.17,393,1,10726,5174.98,0.0,0.00,30,
224,"Powiat moniecki",40070,24959,1,2,2,2,1,32576,40.1,138.2,74.6,257.3,189,19,62.2,2.15,298,1,18527,4601.73,0.0,0.00,16,
225,"Powiat sejneński",19689,12011,2,2,1,0,0,15239,51.7,224.3,115.9,503.5,18,188.3,8.18,97,2,5272,4486.11,0.0,0.00,8,
226,"Powiat siemiatycki",43618,26486,5,1,1,1,0,38152,57.6,192.7,57.4,192.1,6702,11,235.0,7.86,417,3,16050,4473.99,0.0,0.00,18,
227,"Powiat sokólski",65883,40331,4,0,0,3,1,52940,49.3,153.7,52.9,164.9,14,22,58.9,1.84,405,3,27888,4528.86,0.0,0.00,33,
228,"Powiat suwalski",35577,21894,0,1,1,0,0,30037,60.0,220.5,57.1,209.7,3,9,221.9,8.15,322,12897,4201.41,0.0,0.00,18,
229,"Powiat wysokomazowiecki",56408,33770,4,0,1,3,1,52992,88.2,201.6,142.5,325.6,3343,24,217.2,4.96,469,3,18241,5071.35,0.0,0.00,25,
230,"Powiat zambrowski",43191,26379,1,2,0,1,1,41217,70.2,119.1,16.1,27.4,1854,26,207.3,3.52,219,3,23540,4775.36,0.0,0.00,18,
231,"Powiat m.Białystok",296958,176815,5,2,12,2,6,289719,353.6,12.2,34.2,1.2,269850,24,15558.6,5.35,684,26,286412,5126.79,91.7,499.16,78,
232,"Powiat m.Łomża",62573,37488,1,0,0,4,2,60928,319.3,16.7,22.3,1.2,14433,21,11141.7,5.82,196,8,59012,4872.37,71.5,369.23,10,
233,"Powiat m.Suwałki",69639,42802,2,1,1,5,1,67169,199.8,18.8,33.1,3.1,15348,20,14547.4,13.68,250,5,66066,4562.69,79.0,481.81,13,
234,"Powiat bytowski",79114,48190,4,1,5,4,0,73728,52.4,145.2,39.5,109.5,16361,22,229.9,6.37,543,3,60487,4905.51,0.0,0.00,40,
235,"Powiat chojnicki",97661,58250,5,1,0,1,0,92585,56.0,78.2,66.3,92.6,37298,29,1436.7,20.07,550,6,80367,4395.70,0.0,0.00,38,
236,"Powiat człuchowski",55835,33647,8,1,2,4,0,53321,41.8,117.8,21.8,61.6,2320,20,302.2,8.53,315,4,44788,4569.32,0.0,0.00,23,
237,"Powiat gdański",120327,73665,4,2,0,1,0,117847,109.1,72.0,95.1,62.7,76060,16,1133.9,7.48,473,4,101110,5014.67,0.0,0.00,44,
238,"Powiat kartuski",141892,84106,7,4,7,2,2,137332,81.8,64.6,65.4,51.7,46046,28,939.7,7.42,665,6,84494,4508.01,0.0,0.00,68,
239,"Powiat kościerski",72923,43614,6,4,3,2,0,62277,62.3,99.5,53.6,85.7,1832,29,304.5,4.87,246,2,53508,4328.66,0.0,0.00,36,
240,"Powiat kwidzyński",82963,50566,12,6,8,2,2,79665,59.6,60.0,36.3,36.5,40988,27,750.0,7.55,641,6,61960,4824.01,0.0,0.00,29,
241,"Powiat lęborski",66083,39655,2,1,0,7,1,62480,52.8,56.6,17.8,19.1,34986,30,775.7,8.31,347,3,50438,4800.59,0.0,0.00,26,
242,"Powiat malborski",63204,37985,4,2,1,7,0,62709,82.0,64.1,39.5,30.9,34782,27,1179.6,9.22,288,4,49607,4559.54,0.0,0.00,19,
243,"Powiat nowodworski",35438,21800,3,1,0,5,1,34945,68.2,129.7,14.2,26.9,5796,29,284.8,5.42,257,1,25283,4735.14,0.0,0.00,15,
244,"Powiat pucki",87568,53494,8,7,4,5,1,85998,90.4,60.0,23.2,15.4,27866,24,2002.8,13.29,420,5,77725,4741.10,0.0,0.00,34,
245,"Powiat słupski",98832,60610,13,3,8,14,0,94476,51.7,120.6,47.4,110.4,20463,18,378.9,8.83,651,2,81099,4696.62,0.0,0.00,42,
246,"Powiat starogardzki",128210,77865,8,6,3,3,0,118584,54.8,57.5,73.6,77.2,39405,24,500.2,5.25,517,3,83401,4969.91,0.0,0.00,46,
247,"Powiat tczewski",115220,69403,4,2,5,3,1,112537,74.2,44.9,34.8,21.1,64190,25,621.1,3.76,511,7,99269,5031.71,0.0,0.00,38,
248,"Powiat wejherowski",219457,132014,12,5,2,14,1,207516,68.0,39.8,36.4,21.3,107302,26,570.3,3.34,938,8,181964,4620.89,0.0,0.00,66,
249,"Powiat sztumski",41104,25287,2,0,1,3,0,35394,59.3,105.3,20.6,36.6,15166,22,403.7,7.18,208,2,25785,4719.00,0.0,0.00,17,
250,"Powiat m.Gdańsk",470805,270425,9,17,36,43,9,470805,282.3,15.7,26.9,1.5,350725,23,7749.3,4.31,1208,34,454551,6490.53,64.8,920.94,109,
251,"Powiat m.Gdynia",244969,139885,2,5,1,8,1,240601,246.2,13.6,16.8,0.9,184095,25,5061.4,2.79,636,14,232512,5848.66,71.9,787.11,46,
252,"Powiat m.Słupsk",89780,51545,3,3,1,2,1,88340,308.2,14.8,18.5,0.9,74179,23,11286.2,5.42,235,16,85161,4841.90,68.0,408.11,19,
253,"Powiat m.Sopot",35286,19256,5,1,1,56,3,35276,330.4,16.2,11.6,0.6,28958,21,12905.1,6.32,101,5,35275,6529.10,78.1,926.62,12,
254,"Powiat będziński",147259,85369,17,1,1,12,1,146873,183.9,45.5,18.8,4.7,100578,27,1452.8,3.59,819,6,101057,4643.65,0.0,0.00,44,
255,"Powiat bielski",166348,99556,16,7,3,16,4,143980,253.5,69.9,39.1,10.8,137513,29,584.3,1.61,579,4,91844,4819.89,0.0,0.00,57,
256,"Powiat cieszyński",177536,104909,11,6,9,24,10,146623,214.6,88.3,19.4,8.0,135837,24,421.8,1.73,434,7,110710,4660.69,0.0,0.00,66,
257,"Powiat częstochowski",134106,81642,12,7,6,4,1,122845,95.1,107.9,29.6,33.6,38471,21,296.3,3.36,974,2,61350,4603.86,0.0,0.00,75,
258,"Powiat gliwicki",115416,69776,3,2,0,6,2,114826,107.2,61.7,15.7,9.0,56780,28,257.4,1.48,443,3,76580,4696.57,0.0,0.00,41,
259,"Powiat kłobucki",84330,51560,15,2,0,3,1,80554,103.5,109.1,22.9,24.1,1028,21,87.8,0.92,569,3,47545,4087.42,0.0,0.00,46,
260,"Powiat lubliniecki",76109,46680,9,0,0,1,1,72207,110.4,119.3,38.4,41.5,15679,26,1002.1,10.83,265,4,56908,4660.07,0.0,0.00,37,
261,"Powiat mikołowski",99202,59127,4,2,8,5,1,98132,201.5,47.3,22.2,5.2,58259,27,175.9,0.41,430,2,72760,5002.48,0.0,0.00,33,
262,"Powiat myszkowski",70486,41721,5,0,1,4,1,64132,203.0,138.1,43.8,29.8,33250,25,388.1,2.64,423,3,27748,4532.46,0.0,0.00,34,
263,"Powiat pszczyński",111814,68718,10,5,3,5,3,111294,131.8,55.5,20.9,8.8,84674,24,498.8,2.10,425,5,79094,4674.30,0.0,0.00,42,
264,"Powiat raciborski",107410,66368,13,7,22,9,3,105412,110.0,55.7,9.9,5.0,52910,25,1004.1,5.08,415,4,63825,5199.24,0.0,0.00,48,
265,"Powiat rybnicki",78166,47343,4,0,3,1,1,76553,191.5,54.8,19.3,5.5,20982,25,120.7,0.35,209,1,35057,4686.71,0.0,0.00,27,
266,"Powiat tarnogórski",140780,83605,7,4,2,9,1,138995,104.9,48.0,21.2,9.7,79207,25,242.2,1.11,404,6,102602,4858.37,0.0,0.00,53,
267,"Powiat bieruńsko-lędziński",59823,36671,6,4,1,1,2,59406,226.2,59.8,13.2,3.5,32568,26,2402.8,6.35,252,1,55122,4649.07,0.0,0.00,13,
268,"Powiat wodzisławski",156579,93744,7,2,11,8,5,152503,259.2,47.5,3.7,0.7,62366,27,631.2,1.16,273,5,106560,4323.10,0.0,0.00,48,
269,"Powiat zawierciański",116672,68121,8,3,6,2,1,112170,116.7,100.2,33.8,29.1,54690,26,404.1,3.47,615,7,64530,5001.44,0.0,0.00,46,
270,"Powiat żywiecki",152199,92667,7,2,1,18,1,92321,110.3,75.4,17.6,12.0,22092,28,126.0,0.86,651,9,122255,5011.50,0.0,0.00,76,
271,"Powiat m.Bielsko-Biała",169756,95815,5,6,2,20,2,166436,413.5,30.3,34.9,2.6,156630,24,2770.9,2.03,433,24,145842,5321.66,27.6,840.92,51,
272,"Powiat m.Bytom",163255,97082,2,3,3,3,1,163237,250.6,10.7,8.4,0.4,133354,24,4262.7,1.81,297,7,163238,5117.47,87.3,627.84,31,
273,"Powiat m.Chorzów",106846,63128,4,2,4,3,2,106817,395.3,12.3,5.1,0.2,86292,21,9265.9,2.88,184,7,84355,4910.73,82.6,744.39,28,
274,"Powiat m.Częstochowa",217530,123614,8,8,4,4,3,209609,260.8,19.1,110.4,8.1,163404,23,5322.1,3.91,814,18,192109,4875.71,100.0,520.24,69,
275,"Powiat m.Dąbrowa Górnicza",118285,67759,0,1,0,0,0,117402,183.3,29.3,10.9,1.7,91728,28,2172.4,3.47,213,8,105022,5811.72,89.1,873.52,32,
276,"Powiat m.Gliwice",177049,102034,4,5,4,19,4,173185,256.3,19.4,13.7,1.0,146291,27,3622.6,2.74,397,13,160497,6164.02,76.1,582.39,39,
277,"Powiat m.Jastrzębie-Zdrój",88038,52282,1,3,3,1,1,87959,292.7,28.4,21.9,2.1,72937,22,3468.9,3.36,201,7,76658,8377.01,98.3,506.89,23,
278,"Powiat m.Jaworzno",90368,54475,4,5,3,4,1,89293,208.5,35.2,5.2,0.9,32522,25,1946.4,3.29,406,4,80496,5976.30,91.2,541.80,25,
279,"Powiat m.Katowice",290553,168371,2,8,17,21,6,286166,296.1,16.8,17.7,1.0,221529,21,5624.4,3.19,725,21,277658,6525.94,74.3,489.90,81,
280,"Powiat m.Mysłowice",74559,44751,3,1,4,0,0,74496,271.9,23.9,19.0,1.7,55621,24,350.5,0.31,229,2,62827,4763.73,49.8,781.44,19,
281,"Powiat m.Piekary Śląskie",54702,32186,1,1,3,6,0,54636,299.6,21.9,25.0,1.8,31527,24,2376.2,1.74,108,2,49006,5375.03,79.1,782.21,14,
282,"Powiat m.Ruda Śląska",136423,80962,3,1,2,9,3,135200,295.4,16.8,20.1,1.1,96978,21,4155.4,2.37,270,4,121680,4816.21,87.9,843.82,31,
283,"Powiat m.Rybnik",137128,81431,3,1,11,8,3,133433,261.3,28.3,14.7,1.6,80901,25,1914.3,2.07,368,8,108984,4987.77,95.0,606.00,38,
284,"Powiat m.Siemianowice Śląskie",66270,38545,1,4,4,5,2,66210,391.0,15.0,0.0,0.0,60178,26,13254.9,5.10,136,5,66212,5005.69,81.0,756.08,14,
285,"Powiat m.Sosnowiec",197586,112366,7,3,5,7,3,197539,352.1,16.2,18.4,0.9,144550,26,5490.9,2.53,154,13,181213,5008.83,86.4,677.74,42,
286,"Powiat m.Świętochłowice",49108,28785,2,0,4,2,2,49040,502.6,13.6,0.0,0.0,36551,19,7888.8,2.14,82,3,49037,4609.16,78.3,838.97,10,
287,"Powiat m.Tychy",126871,72937,1,1,2,1,1,126838,291.3,18.8,35.1,2.3,107744,23,8189.7,5.28,400,5,126837,5269.32,91.8,584.09,28,
288,"Powiat m.Zabrze",170924,102546,5,4,8,1,2,168068,341.2,16.0,0.0,0.0,131902,23,3184.1,1.50,220,11,157540,5232.59,90.9,980.39,47,
289,"Powiat m.Żory",62844,36464,2,1,0,1,0,62832,261.6,26.9,35.1,3.6,57176,20,3480.8,3.58,180,4,61489,4781.16,90.9,363.14,19,
290,"Powiat buski",71125,42059,4,0,1,3,2,64830,145.7,198.3,25.5,34.7,30673,25,176.7,2.40,1053,3,37111,4375.49,0.0,0.00,30,
291,"Powiat jędrzejowski",84908,49861,6,1,0,3,2,66034,90.1,133.4,7.4,10.9,1569,24,137.6,2.04,1160,5,32427,4969.29,0.0,0.00,50,
292,"Powiat kazimierski",33340,20168,4,1,1,2,1,26700,181.5,229.9,52.3,66.2,37,23,289.0,3.66,538,1,10230,4235.96,0.0,0.00,15,
293,"Powiat kielecki",210992,131651,14,3,6,7,4,202694,88.4,94.1,15.9,16.9,22902,24,403.4,4.29,2578,5,113995,4355.66,0.0,0.00,116,
294,"Powiat konecki",79072,46946,4,3,3,0,2,68598,74.1,106.8,24.2,34.8,21307,23,336.9,4.86,806,3,39970,4481.58,0.0,0.00,34,
295,"Powiat opatowski",51525,30881,6,0,0,1,2,43113,131.0,231.6,30.4,53.8,15419,26,214.1,3.78,963,4,18101,4269.94,0.0,0.00,30,
296,"Powiat ostrowiecki",107711,62935,5,1,0,2,1,102549,129.0,73.9,32.1,18.4,65092,27,1183.6,6.78,921,6,75005,4448.08,0.0,0.00,37,
297,"Powiat pińczowski",38487,22838,3,1,0,0,1,35460,96.1,153.1,10.3,16.4,2525,16,101.2,1.61,556,1,20211,4445.79,0.0,0.00,25,
298,"Powiat sandomierski",76346,45692,7,1,0,1,1,67072,150.2,133.0,25.8,22.9,43984,25,230.8,2.04,789,7,29817,4966.33,0.0,0.00,46,
299,"Powiat skarżyski",73163,42476,3,2,0,2,1,70581,95.3,51.5,17.3,9.3,45390,24,88.5,0.48,472,3,53381,4758.09,0.0,0.00,28,
300,"Powiat starachowicki",88549,51777,1,2,0,2,1,84753,89.6,53.0,13.0,7.7,52565,28,263.7,1.56,790,5,65515,4690.70,0.0,0.00,42,
301,"Powiat staszowski",71250,42918,5,2,4,4,2,66301,149.3,193.8,39.5,51.3,19758,24,126.5,1.64,971,4,38748,4825.77,0.0,0.00,31,
302,"Powiat włoszczowski",44743,26749,5,1,2,1,1,37733,73.1,148.4,28.1,56.9,912,28,110.1,2.23,651,3,23317,4722.28,0.0,0.00,22,
303,"Powiat m.Kielce",193415,110628,4,8,5,17,5,185614,257.1,14.6,58.2,3.3,161110,23,5827.6,3.30,587,18,174692,5218.61,96.1,662.43,46,
304,"Powiat bartoszycki",56562,34435,11,1,0,4,0,54051,40.6,93.8,40.1,92.8,23373,24,123.9,2.86,279,4,39540,4589.11,0.0,0.00,25,
305,"Powiat braniewski",40776,25482,3,0,0,3,1,37492,35.8,105.5,21.4,63.1,21,76.6,2.26,194,2,28345,4460.29,0.0,0.00,17,
306,"Powiat działdowski",64768,39661,4,2,2,3,0,60457,58.4,86.0,42.7,62.8,31497,25,265.2,3.91,304,5,42953,4145.80,0.0,0.00,31,
307,"Powiat elbląski",56986,35132,3,0,2,1,0,53989,64.0,159.0,16.5,41.0,1848,25,240.2,5.97,435,2,27882,4268.29,0.0,0.00,24,
308,"Powiat ełcki",91395,56208,2,2,0,6,1,86847,47.1,57.4,22.5,27.4,40444,24,231.0,2.81,373,5,73189,4364.74,0.0,0.00,25,
309,"Powiat giżycki",56227,33989,5,4,4,6,1,53492,35.6,71.0,23.7,47.2,33406,20,119.7,2.38,226,4,46346,4515.13,0.0,0.00,20,
310,"Powiat iławski",92644,55970,7,3,1,13,1,89556,61.0,91.3,47.2,70.5,28830,27,483.0,7.22,385,3,70698,4219.71,0.0,0.00,40,
311,"Powiat kętrzyński",61772,37349,3,3,3,4,0,58567,42.8,84.1,34.4,67.6,31839,22,336.4,6.60,248,5,44467,4560.67,0.0,0.00,20,
312,"Powiat lidzbarski",40852,24843,3,3,1,4,0,38312,37.6,85.2,39.9,90.4,9568,24,273.5,6.19,265,3,26008,4356.34,0.0,0.00,19,
313,"Powiat mrągowski",49439,30555,4,1,2,2,0,49012,35.0,75.5,38.6,83.2,21009,20,143.6,3.09,195,3,37121,4311.00,0.0,0.00,22,
314,"Powiat nidzicki",32638,20102,3,1,0,0,0,29583,54.0,159.0,20.7,60.8,11655,17,280.0,8.24,147,2,20247,4207.91,0.0,0.00,16,
315,"Powiat nowomiejski",43721,26541,4,1,7,1,0,40609,87.1,138.3,37.2,59.1,700,25,425.1,6.75,157,2,21259,3971.83,0.0,0.00,26,
316,"Powiat olecki",33993,20624,2,1,2,11,1,30025,44.2,113.7,72.0,185.1,12205,26,80.1,2.06,161,2,23392,4438.76,0.0,0.00,19,
317,"Powiat olsztyński",127544,79782,8,4,2,7,3,117141,38.2,84.9,30.9,68.9,42459,22,183.9,4.09,781,5,85703,4823.92,0.0,0.00,62,
318,"Powiat ostródzki",103492,62574,5,2,1,5,2,99245,47.1,80.3,35.8,61.0,38429,26,173.2,2.96,383,6,76200,4440.69,0.0,0.00,50,
319,"Powiat piski",55833,34508,4,1,0,0,1,48780,31.8,100.9,11.2,35.6,12918,23,136.4,4.33,110,6,40232,4633.18,0.0,0.00,26,
320,"Powiat szczycieński",69089,42744,4,4,3,6,3,64422,38.2,107.0,32.9,92.0,23551,27,169.7,4.75,269,3,42978,4523.23,0.0,0.00,32,
321,"Powiat gołdapski",26489,16209,1,1,0,1,1,24777,30.0,87.5,45.6,132.8,144,27,312.1,9.10,198,1,17447,4227.65,0.0,0.00,14,
322,"Powiat węgorzewski",22444,13541,2,3,7,2,0,21995,39.4,121.8,35.1,108.4,12162,24,442.9,13.68,128,1,13402,4314.62,0.0,0.00,9,
323,"Powiat m.Elbląg",118582,70042,4,2,1,4,2,117058,223.9,15.1,17.3,1.2,97461,27,5788.0,3.90,383,6,112227,4952.59,77.8,506.15,25,
324,"Powiat m.Olsztyn",171249,99927,3,7,3,11,6,171143,265.6,13.7,91.1,4.7,131173,24,11445.7,5.90,434,16,171198,5438.71,67.3,690.86,42,
325,"Powiat chodzieski",46824,28185,18,1,0,7,1,46466,71.6,104.8,34.6,50.7,29355,23,636.4,9.31,288,3,37997,4550.77,0.0,0.00,19,
326,"Powiat czarnkowsko-trzcianecki",86590,52142,7,3,0,4,0,79484,32.0,66.8,20.8,43.4,17319,20,287.4,5.99,390,6,53744,4869.30,0.0,0.00,40,
327,"Powiat gnieźnieński",145068,86061,10,7,5,12,1,141155,107.5,93.0,36.0,31.1,75835,23,592.0,5.12,822,7,110945,4658.83,0.0,0.00,54,
328,"Powiat gostyński",75732,45697,3,3,1,4,1,74221,110.2,117.9,22.3,23.9,49738,25,649.2,6.95,299,4,52168,4698.58,0.0,0.00,27,
329,"Powiat grodziski",51929,31553,4,2,0,6,1,49459,74.0,91.5,51.3,63.4,34372,27,962.8,11.90,110,1,29432,4433.04,0.0,0.00,22,
330,"Powiat jarociński",71425,42656,6,7,0,1,0,69565,118.8,97.7,12.7,10.4,33381,28,684.5,5.63,445,5,56859,4193.08,0.0,0.00,35,
331,"Powiat kaliski",82911,50642,2,2,2,0,0,78909,114.1,159.6,42.4,59.4,12454,19,288.8,4.04,657,30033,4195.22,0.0,0.00,48,
332,"Powiat kępiński",56298,34169,2,3,2,3,2,54821,96.8,104.6,46.4,50.1,15733,26,757.9,8.19,247,2,39427,3872.06,0.0,0.00,29,
333,"Powiat kolski",86108,51740,9,3,0,6,1,80671,114.9,134.9,31.2,36.6,4399,21,284.0,3.33,714,4,39931,4895.57,0.0,0.00,44,
334,"Powiat koniński",129904,81381,15,6,1,6,0,126327,133.6,162.3,28.7,34.8,7875,23,491.7,5.97,1057,3,52833,4184.77,0.0,0.00,68,
335,"Powiat kościański",78866,47568,6,3,3,5,1,77435,85.2,78.1,29.6,27.1,43355,25,1428.5,13.09,205,4,59430,4582.74,0.0,0.00,26,
336,"Powiat krotoszyński",76998,46255,4,1,3,7,1,75037,108.4,100.5,52.5,48.6,38605,26,396.5,3.68,396,2,45901,4020.71,0.0,0.00,40,
337,"Powiat leszczyński",57911,35228,4,2,2,2,0,55119,66.8,93.0,31.8,44.2,17783,1430.9,19.91,172,1,36232,4953.38,0.0,0.00,29,
338,"Powiat międzychodzki",36633,21882,2,2,1,2,1,33793,36.6,73.6,30.7,61.7,13630,23,105.9,2.13,174,2,24332,4519.70,0.0,0.00,10,
339,"Powiat nowotomyski",75576,45338,5,3,3,9,2,70154,51.2,68.7,79.5,106.6,44824,24,699.5,9.38,150,3,45749,4807.23,0.0,0.00,34,
340,"Powiat obornicki",59821,35970,4,3,0,1,1,56408,65.8,78.2,30.0,35.6,33003,29,596.3,7.09,272,2,43282,4854.35,0.0,0.00,19,
341,"Powiat ostrowski",161357,96765,6,7,3,5,0,158078,105.7,76.0,34.6,24.9,77926,30,914.6,6.58,790,9,105810,4542.09,0.0,0.00,77,
342,"Powiat ostrzeszowski",55265,33448,6,3,2,2,1,53582,102.0,142.6,34.7,48.5,15526,28,393.5,5.50,252,2,31230,4488.82,0.0,0.00,26,
343,"Powiat pilski",135477,81520,14,13,9,9,4,130238,62.8,58.8,40.0,37.5,80033,25,698.6,6.54,508,9,113135,4928.72,0.0,0.00,40,
344,"Powiat pleszewski",62763,37874,2,4,1,6,1,59819,107.9,122.6,50.6,57.5,12155,20,753.1,8.56,326,2,34061,4471.48,0.0,0.00,30,
345,"Powiat poznański",406590,244857,16,21,21,41,4,390800,97.2,45.4,62.3,29.1,332688,22,1082.2,5.06,1960,8,326036,4776.27,0.0,0.00,110,
346,"Powiat rawicki",60188,35743,5,5,6,5,1,58212,94.3,86.7,28.4,26.1,31535,22,473.3,4.35,276,3,40833,4357.75,0.0,0.00,22,
347,"Powiat słupecki",58959,35798,5,2,2,6,0,56925,101.3,144.0,25.3,36.0,2819,24,171.8,2.44,331,2,32546,4690.36,0.0,0.00,27,
348,"Powiat szamotulski",91745,55015,5,3,5,14,1,89017,69.6,84.9,37.9,46.3,36972,24,650.4,7.94,368,5,64671,5274.57,0.0,0.00,30,
349,"Powiat średzki",59149,35508,4,3,1,3,1,57303,93.4,98.5,39.2,41.4,34726,27,392.7,4.14,374,4,40861,5004.44,0.0,0.00,27,
350,"Powiat śremski",61492,36825,4,1,4,0,1,60983,67.1,62.7,30.2,28.2,36588,22,378.0,3.53,239,3,47114,4480.42,0.0,0.00,26,
351,"Powiat turecki",83599,50594,6,5,13,5,1,82284,85.9,95.5,40.9,45.5,4501,29,309.9,3.45,505,1,41099,4266.25,0.0,0.00,35,
352,"Powiat wągrowiecki",70096,42390,7,1,2,9,1,67696,79.9,118.5,35.1,52.1,22815,27,456.9,6.78,553,2,47762,4491.29,0.0,0.00,28,
353,"Powiat wolsztyński",57431,34285,11,1,0,1,1,52699,54.2,64.2,34.2,40.5,32913,20,1088.7,12.89,159,1,43762,4489.74,0.0,0.00,27,
354,"Powiat wrzesiński",78037,46841,2,5,1,6,1,76728,102.9,92.7,30.2,27.3,22514,28,181.9,1.64,349,2,46030,4779.96,0.0,0.00,27,
355,"Powiat złotowski",69161,42395,8,8,3,18,3,62640,41.5,99.7,18.1,43.5,10959,26,234.9,5.64,322,3,49569,4041.17,0.0,0.00,31,
356,"Powiat m.Kalisz",99106,56413,3,4,4,4,1,96642,309.3,21.7,104.9,7.3,73951,23,7922.8,5.55,347,7,89367,4718.01,60.2,1013.66,30,
357,"Powiat m.Konin",72539,41966,4,2,6,23,2,70720,215.8,24.5,7.8,0.9,23984,26,5892.4,6.69,249,9,67618,4858.06,82.6,394.98,16,
358,"Powiat m.Leszno",62854,36267,4,3,2,4,1,61938,459.5,23.3,161.3,8.2,48328,24,18644.1,9.45,191,6,61590,4824.14,83.2,655.36,16,
359,"Powiat m.Poznań",532048,306055,13,14,9,64,5,523132,329.5,16.2,49.3,2.4,442102,25,10538.0,5.19,1378,57,504862,6104.97,79.2,1233.99,140,
360,"Powiat białogardzki",47304,28737,4,1,1,3,0,45149,47.8,85.4,23.1,41.3,14405,19,305.2,5.45,243,3,39799,4672.61,0.0,0.00,17,
361,"Powiat choszczeński",47970,29189,8,1,0,4,1,44224,42.0,116.2,52.2,144.6,24422,20,171.0,4.73,112,2,37244,4599.57,0.0,0.00,18,
362,"Powiat drawski",56482,34130,17,4,5,5,0,53649,29.5,92.0,9.3,29.0,31240,25,31.2,0.97,256,4,42062,4416.33,0.0,0.00,20,
363,"Powiat goleniowski",82310,50033,6,4,2,3,0,77319,45.2,88.8,10.6,20.9,45333,25,289.1,5.67,441,4,60194,5102.94,0.0,0.00,33,
364,"Powiat gryficki",59844,36480,5,5,2,15,1,55797,51.6,88.0,28.5,48.7,38455,15,375.1,6.40,199,5,39946,4388.97,0.0,0.00,23,
365,"Powiat gryfiński",81289,49624,12,3,1,2,1,76421,39.4,90.6,24.1,55.5,26912,21,277.7,6.38,466,3,55506,4898.41,0.0,0.00,33,
366,"Powiat kamieński",46692,27877,6,2,1,3,2,44026,38.6,83.3,16.8,36.3,19196,19,486.5,10.49,181,4,32977,4304.58,0.0,0.00,18,
367,"Powiat kołobrzeski",79300,47040,3,2,2,4,2,76839,92.9,84.9,85.8,78.4,52071,26,949.4,8.68,433,4,72668,4575.02,0.0,0.00,23,
368,"Powiat koszaliński",66505,41542,6,1,0,2,0,63685,43.9,109.2,10.9,27.1,22685,19,409.4,10.18,416,2,44809,4616.89,0.0,0.00,31,
369,"Powiat myśliborski",65373,39339,3,0,0,5,1,63876,54.9,99.3,48.7,88.1,29620,17,256.3,4.63,148,4,49331,4503.53,0.0,0.00,28,
370,"Powiat policki",81584,50622,5,2,0,10,0,81151,59.6,48.6,10.9,8.8,63594,18,1355.7,11.06,332,2,75045,5535.45,0.0,0.00,25,
371,"Powiat pyrzycki",39202,23748,9,2,0,1,0,37365,53.5,99.1,20.7,38.3,18563,18,177.7,3.29,161,2,27115,4428.81,0.0,0.00,18,
372,"Powiat sławieński",55777,33540,10,1,1,0,0,53378,82.1,153.6,15.2,28.4,23724,24,493.7,9.23,288,2,35865,4350.66,0.0,0.00,25,
373,"Powiat stargardzki",120132,71983,10,4,0,5,1,116841,47.2,59.7,12.2,15.4,71455,24,527.7,6.68,602,5,98640,4750.37,0.0,0.00,39,
374,"Powiat szczecinecki",77258,46236,5,5,7,15,0,76034,40.3,92.0,13.2,30.2,38017,25,220.3,5.04,329,8,65459,4827.82,0.0,0.00,27,
375,"Powiat świdwiński",46394,28048,4,3,2,4,2,43732,42.9,101.1,30.6,72.1,20466,30,337.6,7.95,165,2,38335,4339.70,0.0,0.00,18,
376,"Powiat wałecki",52707,31905,6,3,5,7,1,51311,24.9,66.8,40.0,107.3,25761,17,127.2,3.42,274,2,40121,4678.73,0.0,0.00,19,
377,"Powiat łobeski",36486,21861,3,2,0,8,0,35250,39.1,114.1,24.6,71.9,12467,22,15.0,0.44,173,2,24255,4713.45,0.0,0.00,13,
378,"Powiat m.Koszalin",106235,59752,3,7,3,13,2,106201,173.7,16.1,29.8,2.8,90977,22,8958.7,8.29,323,7,100431,4973.23,76.2,524.56,23,
379,"Powiat m.Szczecin",398255,229608,4,7,10,11,3,381477,224.0,16.9,17.7,1.3,330711,24,4943.4,3.73,1238,27,344066,5695.84,76.5,717.60,90,
380,"Powiat m.Świnoujście",40948,23898,1,0,1,6,1,40944,50.1,24.7,0.6,0.3,29445,21,2113.1,10.43,162,4,38736,5517.68,54.0,420.73,8,
